rm_id,product_id,product_version,raw_material_alloy,raw_material_format_type,stock_location
342,91900170,1.0,SB06 Traders,24.0,DELETED_28.02:2011_SB06 anodiz
343,91900143,2.0,SB02 606035,24.0,SB 02
345,91900143,2.0,SA10 606035,3.0,DELETED_28.02:2011_ST01
346,91900146,2.0,SA15 600540,3.0,DELETED_28.02:2011_SA 300370
347,91900143,2.0,SA13 606020,3.0,DELETED_28.02:2011_SA13 6035
348,91900143,2.0,SA11 606035,3.0,DELETED_28.02:2011_ST01
353,91900143,1.0,TYB 6060,23.0,DELETED_28.02:2011_TYB
354,91900182,1.0,SA99.5,21.0,DELETED_10.09:2015_SA 99.5
355,91900152,14.0,"PM99,7 Coils",7.0,DELETED_21.06:2019_Bobinas Primario
357,91900152,1.0,"PM99,7",25.0,DELETED_28.02:2011_ST04
357,91900152,3.0,"PM99,7",12.0,DELETED_28.02:2011_ST04
358,91900170,2.0,SA12 Trader,3.0,DELETED_28.02:2011_SB05 anodiz
360,91900160,1.0,SA16 608250,24.0,DELETED_28.02:2011_SA16 6082
362,91900143,6.0,606035 IS,1.0,DELETED_28.02:2011_TYB
362,91900143,13.0,606035 IS,32.0,SB 04
364,91900182,1.0,99.5 Grannalla,24.0,DELETED_10.09:2015_SA 99.5
364,91900182,4.0,99.5 Grannalla,24.0,DELETED_10.09:2015_SA 99.5
365,91900143,1.0,606035 CPS,24.0,DELETED_28.02:2011_SB03 900107
365,91900143,2.0,606035 CPS,24.0,DELETED_28.02:2011_ST06B
365,91900143,4.0,606035 CPS,24.0,SB 03
366,91900160,1.0,608250 CPS,24.0,DELETED_28.02:2011_SA16 6082
366,91900160,3.0,608250 CPS,24.0,DELETED_28.02:2011_SA16 6082
366,91900160,5.0,608250 CPS,24.0,SB 13
367,91900143,1.0,606015 CPS,24.0,DELETED_28.02:2011_SB03 900107
367,91900143,2.0,606015 CPS,24.0,DELETED_28.02:2011_SA13 6035
368,91900170,1.0,6063 Trader,24.0,DELETED_28.02:2011_SB06 anodiz
368,91900170,3.0,6063 Trader,24.0,DELETED_28.02:2011_SB05 anodiz
369,91900146,1.0,600540 CPS,24.0,DELETED_28.02:2011_SA15 6005
369,91900146,2.0,600540 CPS,24.0,DELETED_28.02:2011_SA15 6005
369,91900146,4.0,600540 CPS,24.0,DELETED_28.02:2011_SA 300370
374,91900296,1.0,SB07 Lacado,2.0,DELETED_28.02:2011_SB06 anodiz
375,91900302,1.0,606035 CPS Lacado,24.0,DELETED_28.02:2011_ST05A
375,91900302,4.0,606035 CPS Lacado,24.0,DELETED_28.02:2011_ST05A
375,91900302,6.0,606035 CPS Lacado,24.0,DELETED_28.02:2011_TYB Lacado
378,91900302,2.0,SA22 606035 Lacado,3.0,DELETED_28.02:2011_ST05A
379,91900296,2.0,6063 Trader Lacado,24.0,DELETED_28.02:2011_SB08 lacad
379,91900296,5.0,6063 Trader Lacado,24.0,DELETED_28.02:2011_SB07 lacad
380,1177,1.0,AAS1 Si 100%,12.0,AASI100
381,1608,1.0,AAMg 100%,12.0,AAMG
381,1608,2.0,AAMg 100%,12.0,AA02
383,1002,1.0,AAMn 80%,19.0,AAMN
383,1002,2.0,AAMn 80%,19.0,AAMN
386,1807,1.0,AATi-Bors,15.0,AATI
386,1807,2.0,AATi-Bors,7.0,AATI
386,1807,4.0,AATi-Bors,7.0,AA00
387,1307,1.0,AACU 100%,21.0,AACU
388,91900330,2.0,CPS 6060 Anodizado,3.0,DELETED_28.02:2011_SA13 6035
388,91900330,6.0,CPS 6060 Anodizado,24.0,DELETED_28.02:2011_SA13 6035
389,91900330,1.0,CPS 6060 Anodizado,24.0,DELETED_28.02:2011_SB03 900107
389,91900330,3.0,CPS 6060 Anodizado,24.0,DELETED_28.02:2011_SA13 6035
389,91900330,5.0,CPS 6060 Anodizado,24.0,DELETED_07.02:2020_SB 10
390,91900330,2.0,SA23 anodizado,3.0,DELETED_28.02:2011_SA13 6035
1842,91900296,3.0,CS606300LA,2.0,SB 16
1843,91900170,3.0,CS606300AN,2.0,SB 13
1844,91900182,2.0,"CS Al 99,5%",21.0,DELETED_28.02:2011_SA50
1845,91900152,1.0,"PM Al 99,7%",14.0,DELETED_28.02:2011_ST04
1845,91900152,2.0,"PM Al 99,7%",14.0,SA 00
1846,91900152,2.0,"PM Al 99,7%",12.0,SA 00
1850,91900146,2.0,PS600500CL,35.0,SA 61
1851,91900146,2.0,PS600500CL,24.0,SA 55
1852,91900146,2.0,PS600500CL,36.0,SB 09
1853,91900143,2.0,PS606000CL,35.0,SA 55
1854,91900143,2.0,PS606000CL,36.0,SB 04
1857,91900160,3.0,PS608200CL,35.0,SA 62
1858,91900160,2.0,PS608200CL,36.0,SB 21
1866,91900302,4.0,PS606000LA,35.0,SA 51
1867,91900330,4.0,PS606000AN,35.0,SB 19
1868,91900330,4.0,PS606000AN,36.0,SB 19
1871,1177,2.0,AE Si 100%,20.0,AA01
1872,1687,2.0,AE Cr 75%,19.0,AA05
1873,1307,2.0,AE Cu 100%,19.0,AA04
1874,1414,2.0,AE Fe 80%,19.0,DELETED_31.05:2017_AA06
1875,1608,2.0,AE Mg 100%,12.0,AA02
1876,1160,2.0,AE Mn 80%,19.0,AA03
1882,91900143,3.0,PS606034CL Alto CuMn,24.0,SB 04
1901,91900302,1.0,IN CPS Prof 6060 Painted,24.0,SA 51
1901,91900302,2.0,IN CPS Prof 6060 Painted,24.0,SA 51
1902,91900146,1.0,IN CPS Prof 6005,24.0,SA 55
1903,91900143,1.0,IN CPS Prof 6060,24.0,SB 02
1904,91900330,1.0,IN CPS Prof 6060 Anodized,24.0,DELETED_28.02:2011_SB05
1904,91900330,2.0,IN CPS Prof 6060 Anodized,24.0,SB 01
1905,91900160,1.0,IN CPS Prof 6082,24.0,SA 56
1906,91900170,1.0,IN CS Prof 6060-6063,24.0,DELETED_28.02:2011_SB05
1907,91900296,1.0,IN CS Prof 6060-6063 Painted,24.0,SB 07
1908,91900182,1.0,"IN CSPA Wire 99,5",21.0,DELETED_28.02:2011_SA50
1908,91900182,2.0,"IN CSPA Wire 99,5",29.0,SA 56
1909,91900152,1.0,"IN PM 99,7 Al",12.0,SA 00
1981,91900871,1.0,IN CPS Prof 6060 Thermal Break,24.0,Temporal (Vaciar)
1982,91900871,1.0,IN CPS Prof 6060 Thermal Break,35.0,Temporal (Vaciar)
2001,91900871,1.0,PS606000PT,24.0,Temporal (Vaciar)
2061,91901250,1.0,CS 6005 anodized,36.0,SB 12
2102,91900302,1.0,PS606000LA,36.0,SB 17
2121,1687,5.0,Cr 75%,19.0,AA05
2121,1687,6.0,Cr 75%,19.0,AA05
2121,1687,13.0,Cr 75%,19.0,AA05
2121,1687,15.0,Cr 75%,19.0,AA05
2122,1414,5.0,Fe 80%,19.0,DELETED_31.05:2017_AA06
2122,1414,6.0,Fe 80%,19.0,DELETED_31.05:2017_AA06
2123,1177,1.0,Si 100%,16.0,AA01
2123,1177,5.0,Si 100%,16.0,AA01
2123,1177,6.0,Si 100%,16.0,AA01
2123,1177,8.0,Si 100%,16.0,AA01
2123,1177,10.0,Si 100%,16.0,AA01
2123,1177,12.0,Si 100%,16.0,AA01
2123,1177,13.0,Si 100%,16.0,AA01
2123,1177,14.0,Si 100%,16.0,AA01
2123,1177,15.0,Si 100%,16.0,AA01
2123,1177,16.0,Si 100%,16.0,AA01
2123,1177,20.0,Si 100%,16.0,AA01
2123,1177,21.0,Si 100%,16.0,AA01
2123,1177,24.0,Si 100%,16.0,AA01
2123,1177,27.0,Si 100%,16.0,AA01
2124,1160,1.0,Mn 80%,19.0,AA03
2124,1160,5.0,Mn 80%,19.0,AA03
2124,1160,6.0,Mn 80%,19.0,AA03
2124,1160,7.0,Mn 80%,19.0,AA03
2124,1160,8.0,Mn 80%,19.0,AA03
2124,1160,10.0,Mn 80%,19.0,AA03
2124,1160,12.0,Mn 80%,19.0,AA03
2124,1160,13.0,Mn 80%,19.0,AA03
2124,1160,14.0,Mn 80%,19.0,AA03
2124,1160,16.0,Mn 80%,19.0,AA03
2124,1160,20.0,Mn 80%,19.0,AA03
2124,1160,22.0,Mn 80%,19.0,AA03
2124,1160,24.0,Mn 80%,19.0,AA03
2124,1160,25.0,Mn 80%,19.0,AA03
2124,1160,26.0,Mn 80%,19.0,AA03
2125,1034,1.0,Mg 100%,12.0,AA02
2125,1034,5.0,Mg 100%,12.0,AA02
2125,1034,6.0,Mg 100%,12.0,AA02
2125,1034,7.0,Mg 100%,12.0,AA02
2125,1034,8.0,Mg 100%,12.0,AA02
2125,1034,10.0,Mg 100%,12.0,AA02
2125,1034,12.0,Mg 100%,12.0,AA02
2125,1034,13.0,Mg 100%,12.0,AA02
2125,1034,14.0,Mg 100%,12.0,AA02
2125,1034,15.0,Mg 100%,12.0,AA02
2125,1034,16.0,Mg 100%,12.0,AA02
2125,1034,19.0,Mg 100%,12.0,AA02
2125,1034,20.0,Mg 100%,12.0,AA02
2125,1034,21.0,Mg 100%,12.0,AA02
2125,1034,25.0,Mg 100%,12.0,AA02
2125,1034,27.0,Mg 100%,12.0,AA02
2125,1034,28.0,Mg 100%,12.0,AA02
2127,1807,1.0,Ti-Bors,7.0,AA00
2127,1807,5.0,Ti-Bors,7.0,AA00
2127,1807,6.0,Ti-Bors,7.0,AA00
2128,91900152,6.0,"PM 99,7",41.0,SA 00
2129,91900472,4.0,Al wheels:  Si 7 - 12 %,33.0,SB 08
2129,91900472,5.0,Al wheels:  Si 7 - 12 %,33.0,SB 08
2129,91900472,6.0,Al wheels:  Si 7 - 12 %,33.0,SB 10 B
2129,91900472,7.0,Al wheels:  Si 7 - 12 %,33.0,SB 18
2129,91900472,9.0,Al wheels:  Si 7 - 12 %,33.0,SB 10
2129,91900472,10.0,Al wheels:  Si 7 - 12 %,33.0,SB 10
2129,91900472,11.0,Al wheels:  Si 7 - 12 %,33.0,SB 10
2129,91900472,13.0,Al wheels:  Si 7 - 12 %,33.0,SB 10
2129,91900472,17.0,Al wheels:  Si 7 - 12 %,33.0,SB 10
2129,91900472,18.0,Al wheels:  Si 7 - 12 %,33.0,SB 10
2129,91900472,19.0,Al wheels:  Si 7 - 12 %,33.0,SB 10
2129,91900472,21.0,Al wheels:  Si 7 - 12 %,33.0,SB 10
2129,91900472,22.0,Al wheels:  Si 7 - 12 %,33.0,SB 10
2129,91900472,24.0,Al wheels:  Si 7 - 12 %,33.0,SB 10
2129,91900472,25.0,Al wheels:  Si 7 - 12 %,33.0,SB 10
2129,91900472,26.0,Al wheels:  Si 7 - 12 %,33.0,SB 10
2129,91900472,31.0,Al wheels:  Si 7 - 12 %,33.0,SB 10
2129,91900472,32.0,Al wheels:  Si 7 - 12 %,33.0,SB 10
2129,91900472,33.0,Al wheels:  Si 7 - 12 %,33.0,SB 10
2129,91900472,34.0,Al wheels:  Si 7 - 12 %,33.0,SB 10
2129,91900472,35.0,Al wheels:  Si 7 - 12 %,33.0,SB 10
2129,91900472,37.0,Al wheels:  Si 7 - 12 %,33.0,SB 10
2129,91900472,41.0,Llantas,33.0,SB 10
2129,91900472,44.0,Llantas,33.0,SB 10
2129,91900472,45.0,Llantas,33.0,SB 10
2129,91900472,50.0,Llantas,33.0,SB 10
2129,91900472,53.0,Llantas,33.0,SB 10
2129,91900472,57.0,Llantas,33.0,SB 10
2129,91900472,58.0,Llantas,33.0,SB 10
2129,91900472,63.0,Llantas,33.0,SB 10
2130,91900143,1.0,CPS Prof 6060,36.0,SB 02
2130,91900143,3.0,CPS Prof 6060,36.0,SB 03
2130,91900143,4.0,CPS Prof 6060,36.0,SB 08
2130,91900143,5.0,CPS Prof 6060,36.0,SB 01
2130,91900143,6.0,CPS Prof 6060,36.0,SB 04
2130,91900143,7.0,CPS Prof 6060,36.0,SB 01
2130,91900143,8.0,CPS Prof 6060,36.0,SB 06
2130,91900143,9.0,CPS Prof 6060,36.0,SB 06
2130,91900143,10.0,CPS Prof 6060,36.0,SB 04
2130,91900143,12.0,CPS Prof 6060,36.0,SB 01
2130,91900143,13.0,CPS Prof 6060,36.0,SB 01
2130,91900143,14.0,CPS Prof 6060,36.0,SB 02
2130,91900143,15.0,CPS Prof 6060,36.0,SB 08
2130,91900143,17.0,CPS Prof 6060,36.0,SB 05
2130,91900143,18.0,CPS Prof 6060,36.0,SB 05
2130,91900143,19.0,CPS Prof 6060,36.0,SB 08
2130,91900143,21.0,CPS Prof 6060,36.0,SB 08
2130,91900143,22.0,CPS Prof 6060,36.0,SB 08
2130,91900143,23.0,CPS Prof 6060,36.0,SB 08
2130,91900143,24.0,CPS Prof 6060,36.0,SB 02
2130,91900143,32.0,CPS Prof 6060,36.0,SB 02
2130,91900143,33.0,CPS Prof 6060,36.0,SB 03
2130,91900143,34.0,CPS Prof 6060,36.0,SB 07
2130,91900143,35.0,CPS Prof 6060,36.0,SB 02
2130,91900143,37.0,CPS Prof 6060,36.0,SB 05
2130,91900143,38.0,CPS Prof 6060,36.0,SB 05
2130,91900143,41.0,CPS Prof 6060,36.0,SB 04
2130,91900143,42.0,CPS Prof 6060,36.0,SB 04
2130,91900143,44.0,CPS Prof 6060,36.0,SB 06
2130,91900143,45.0,CPS Prof 6060,36.0,SB 06
2130,91900143,46.0,CPS Prof 6060,36.0,SB 05
2130,91900143,47.0,CPS Prof 6060,36.0,SB 05
2130,91900143,50.0,CPS Prof 6060,36.0,SB 06
2130,91900143,54.0,CPS Prof 6060,36.0,SB 06
2130,91900143,55.0,CPS Prof 6060,36.0,SB 06
2130,91900143,56.0,CPS Prof 6060,36.0,SB 06
2130,91900143,57.0,CPS Prof 6060,36.0,SB 06
2130,91900143,59.0,CPS 6060,36.0,SB 07
2130,91900143,60.0,CPS 6060,36.0,SB 07
2130,91900143,61.0,CPS 6060,36.0,SB 07
2130,91900143,63.0,CPS 6060,36.0,SB 07
2130,91900143,64.0,CPS 6060,36.0,SB 07
2130,91900143,65.0,CPS 6060,36.0,SB 07
2130,91900143,66.0,CPS 6060,36.0,SB 08
2130,91900143,68.0,CPS 6060,36.0,SB 07
2131,91900302,2.0,CPS Prof 6060 Lacado,36.0,SB 18
2131,91900302,6.0,CPS Prof 6060 Lacado,36.0,SB 16
2131,91900302,7.0,CPS Prof 6060 Lacado,36.0,SB 18
2131,91900302,8.0,CPS Prof 6060 Lacado,36.0,SB 18
2131,91900302,9.0,CPS Prof 6060 Lacado,36.0,SB 18
2131,91900302,10.0,CPS Prof 6060 Lacado,36.0,SB 11
2131,91900302,11.0,CPS Prof 6060 Lacado,36.0,SB 12
2131,91900302,13.0,CPS Prof 6060 Lacado,36.0,SB 12
2131,91900302,14.0,CPS Prof 6060 Lacado,36.0,SB 12
2131,91900302,16.0,CPS Prof 6060 Lacado,36.0,SB 12
2131,91900302,17.0,CPS Prof 6060 Lacado,36.0,SB 12
2131,91900302,18.0,CPS Prof 6060 Lacado,36.0,SB 11
2131,91900302,20.0,CPS Prof 6060 Lacado,36.0,SB 12
2131,91900302,21.0,CPS Prof 6060 Lacado,36.0,SB 11
2131,91900302,22.0,CPS Prof 6060 Lacado,36.0,SB 12
2131,91900302,24.0,CPS Prof 6060 Lacado,36.0,SB 12
2131,91900302,25.0,CPS Prof 6060 Lacado,36.0,SB 12
2131,91900302,26.0,CPS Prof 6060 Lacado,36.0,SA 54 B
2131,91900302,27.0,CPS Prof 6060 Lacado,36.0,SA 54 B
2131,91900302,28.0,CPS Prof 6060 Lacado,36.0,SB 12
2131,91900302,29.0,CPS Prof 6060 Lacado,36.0,SB 12
2131,91900302,31.0,CPS 6060 (lacado),36.0,SB 12
2131,91900302,32.0,CPS 6060 (lacado),36.0,SB 12
2131,91900302,34.0,CPS 6060 (lacado),36.0,SB 12 A
2131,91900302,36.0,CPS 6060 (lacado),36.0,SB 12
2131,91900302,37.0,CPS 6060 (lacado),36.0,SB 12
2131,91900302,38.0,CPS 6060 (lacado),36.0,SB 12
2131,91900302,39.0,CPS 6060 (lacado),36.0,SB 11
2131,91900302,40.0,CPS 6060 (lacado),36.0,SB 11
2132,91900330,2.0,CPS Prof 6060 Anodized,36.0,SB 19
2132,91900330,5.0,CPS Prof 6060 Anodized,36.0,SB 14
2132,91900330,6.0,CPS Prof 6060 Anodized,36.0,SB 16
2132,91900330,7.0,CPS Prof 6060 Anodized,36.0,SB 14
2132,91900330,8.0,CPS Prof 6060 Anodized,36.0,SB 14
2132,91900330,10.0,CPS Prof 6060 Anodized,36.0,SB 14
2132,91900330,12.0,CPS Prof 6060 Anodized,36.0,SA 56
2132,91900330,13.0,CPS Prof 6060 Anodized,36.0,SB 15
2132,91900330,14.0,CPS Prof 6060 Anodized,36.0,SB 15
2132,91900330,16.0,CPS Prof 6060 Anodized,36.0,SB 15
2132,91900330,17.0,CPS Prof 6060 Anodized,36.0,SB 15
2132,91900330,18.0,CPS Prof 6060 Anodized,36.0,SA 56
2132,91900330,20.0,CPS Prof 6060 Anodized,36.0,SB 15
2132,91900330,21.0,CPS Prof 6060 Anodized,36.0,SB 15
2132,91900330,22.0,CPS Prof 6060 Anodized,36.0,SB 15
2132,91900330,23.0,CPS Prof 6060 Anodized,36.0,SB 15
2132,91900330,24.0,CPS Prof 6060 Anodized,36.0,SB 15
2132,91900330,26.0,CPS Prof 6060 Anodized,36.0,SB 15
2132,91900330,28.0,CPS Prof 6060 Anodized,36.0,SB 15
2132,91900330,29.0,CPS Prof 6060 Anodized,36.0,SB 15
2132,91900330,30.0,CPS Prof 6060 Anodized,36.0,SB 15
2132,91900330,32.0,CPS 6060 (anodizado),36.0,SB 15
2132,91900330,33.0,CPS 6060 (anodizado),36.0,SB 15
2132,91900330,34.0,CPS 6060 (anodizado),36.0,SB 15
2132,91900330,36.0,CPS 6060 (anodizado),36.0,SB 15
2132,91900330,37.0,CPS 6060 (anodizado),36.0,SB 15
2132,91900330,38.0,CPS 6060 (anodizado),36.0,SB 11
2132,91900330,39.0,CPS 6060 (anodizado),36.0,SB 12
2132,91900330,40.0,CPS 6060 (anodizado),36.0,SB 12
2132,91900330,41.0,CPS 6060 (anodizado),36.0,SB 12
2133,91900871,1.0,CPS Prof 6060 Thermal Break,36.0,Temporal (Vaciar)
2133,91900871,4.0,CPS Prof 6060 Thermal Break,36.0,DELETED_07.02:2020_SB 10
2133,91900871,6.0,CPS Prof 6060 Thermal Break,36.0,SA 51
2133,91900871,7.0,CPS Prof 6060 Thermal Break,36.0,SB Thermal Break
2133,91900871,8.0,CPS Prof 6060 Thermal Break,36.0,SB Thermal Break
2133,91900871,9.0,CPS Prof 6060 Thermal Break,36.0,SB Thermal Break
2133,91900871,10.0,CPS Prof 6060 Thermal Break,36.0,SB Thermal Break
2133,91900871,12.0,CPS Prof 6060 Thermal Break,36.0,SB Thermal Break
2133,91900871,13.0,CPS Prof 6060 Thermal Break,36.0,SB Thermal Break
2133,91900871,14.0,CPS Prof 6060 Thermal Break,36.0,SB Thermal Break
2133,91900871,15.0,CPS Prof 6060 Thermal Break,36.0,SB Thermal Break
2133,91900871,16.0,CPS Prof 6060 Thermal Break,36.0,SB Thermal Break
2133,91900871,17.0,CPS Prof 6060 Thermal Break,36.0,SB Thermal Break
2133,91900871,18.0,CPS Prof 6060 Thermal Break,36.0,SB Thermal Break
2133,91900871,19.0,CPS Prof 6060 Thermal Break,36.0,VIRT-SAU-Proc-PT
2133,91900871,20.0,CPS Prof 6060 Thermal Break,36.0,SB Thermal Break
2133,91900871,21.0,CPS Prof 6060 Thermal Break,36.0,SB Thermal Break
2133,91900871,24.0,CPS Prof 6060 Thermal Break,36.0,SB Puente térmico
2133,91900871,26.0,CPS Prof 6060 Thermal Break,36.0,SB PT
2133,91900871,29.0,CPS Prof 6060 Thermal Break,36.0,SB PT
2133,91900871,30.0,CPS Prof 6060 Thermal Break,36.0,SA 54 A
2133,91900871,31.0,CPS Prof 6060 Thermal Break,36.0,SA 54 A
2133,91900871,32.0,CPS Prof 6060 Thermal Break,36.0,SA 54 A
2133,91900871,33.0,CPS Prof 6060 Thermal Break,36.0,SA 54 A
2133,91900871,35.0,CPS 6060 (puente térmico),36.0,PT Corto
2133,91900871,36.0,CPS 6060 (puente térmico),36.0,PT Corto
2133,91900871,38.0,CPS 6060 (puente térmico),36.0,PT Corto
2133,91900871,40.0,CPS 6060 (puente térmico),36.0,PT Corto
2133,91900871,41.0,CPS 6060 (puente térmico),36.0,PT Corto
2133,91900871,42.0,CPS 6060 (puente térmico),36.0,SA 09 A
2133,91900871,43.0,CPS 6060 (puente térmico),36.0,SA 09 A
2133,91900871,44.0,CPS 6060 (puente térmico),36.0,SA 09 A
2134,91900146,1.0,CPS Prof 6005,36.0,SB 09
2134,91900146,4.0,CPS Prof 6005,36.0,SB 09
2134,91900146,5.0,CPS Prof 6005,36.0,SB 09
2134,91900146,6.0,CPS Prof 6005,36.0,SB 09
2134,91900146,7.0,CPS Prof 6005,36.0,SB 13
2134,91900146,9.0,CPS Prof 6005,36.0,SB 13
2134,91900146,10.0,CPS Prof 6005,36.0,SB 18
2134,91900146,11.0,CPS Prof 6005,36.0,SB 18
2134,91900146,12.0,CPS Prof 6005,36.0,SB 18
2134,91900146,14.0,CPS Prof 6005,36.0,SB 18
2134,91900146,15.0,CPS Prof 6005,36.0,SB 18
2134,91900146,17.0,CPS Prof 6005,36.0,SB 18
2134,91900146,19.0,CPS Prof 6005,36.0,SB 18
2134,91900146,20.0,CPS Prof 6005,36.0,SB 18
2134,91900146,21.0,CPS Prof 6005,36.0,SB 18
2134,91900146,22.0,CPS Prof 6005,36.0,SB 18
2134,91900146,24.0,CPS Prof 6005,36.0,SB 18
2134,91900146,26.0,CPS Prof 6005,36.0,SB 18
2134,91900146,28.0,CPS Prof 6005,36.0,SB 18
2134,91900146,29.0,CPS Prof 6005,36.0,SB 20
2134,91900146,30.0,CPS Prof 6005,36.0,SB 18
2134,91900146,31.0,CPS Prof 6005,36.0,SB 18
2134,91900146,32.0,CPS Prof 6005,36.0,SB 19
2134,91900146,35.0,CPS Prof 6005,36.0,SB 18
2134,91900146,37.0,CPS Prof 6005,36.0,SB 19
2134,91900146,38.0,CPS Prof 6005,36.0,SB 19
2134,91900146,39.0,CPS Prof 6005,36.0,SB 19
2134,91900146,40.0,CPS Prof 6005,36.0,SB 19
2134,91900146,42.0,CPS 6005,36.0,SB 19
2134,91900146,43.0,CPS 6005,36.0,SB 19
2134,91900146,44.0,CPS 6005,36.0,SB 19
2134,91900146,46.0,CPS 6005,36.0,SB 19
2134,91900146,47.0,CPS 6005,36.0,SB 19
2134,91900146,48.0,CPS 6005,36.0,SB 19
2134,91900146,49.0,CPS 6005,36.0,SB 19
2134,91900146,50.0,CPS 6005,36.0,SB 19
2135,91900160,1.0,CPS Prof 6082,36.0,SB 21
2135,91900160,4.0,CPS Prof 6082,36.0,SB 21
2135,91900160,5.0,CPS Prof 6082,36.0,SB 21
2135,91900160,6.0,CPS Prof 6082,36.0,SA 62
2135,91900160,7.0,CPS Prof 6082,36.0,SB 10
2135,91900160,9.0,CPS Prof 6082,36.0,SB 17
2135,91900160,10.0,CPS Prof 6082,36.0,SA 55
2135,91900160,11.0,CPS Prof 6082,36.0,SA 55
2135,91900160,13.0,CPS Prof 6082,36.0,SA 55
2135,91900160,14.0,CPS Prof 6082,36.0,SA 55
2135,91900160,17.0,CPS Prof 6082,36.0,SB 21
2135,91900160,18.0,CPS Prof 6082,36.0,SA Tren 6082
2135,91900160,20.0,CPS Prof 6082,36.0,SB 21
2135,91900160,23.0,CPS Prof 6082,36.0,SB 21
2135,91900160,25.0,CPS Prof 6082,36.0,SB 21
2135,91900160,27.0,CPS Prof 6082,36.0,SB 21
2135,91900160,28.0,CPS Prof 6082,36.0,SB 21
2135,91900160,29.0,CPS Prof 6082,36.0,SB 21
2135,91900160,32.0,CPS Prof 6082,36.0,SB 21
2135,91900160,33.0,CPS Prof 6082,36.0,SB 21
2135,91900160,34.0,CPS Prof 6082,36.0,SB 21
2135,91900160,35.0,CPS Prof 6082,36.0,SB 21
2135,91900160,37.0,CPS 6082,36.0,SB 21
2135,91900160,38.0,CPS 6082,36.0,SB 21
2135,91900160,39.0,CPS 6082,36.0,SB 21
2135,91900160,41.0,CPS 6082,36.0,SB 21
2135,91900160,42.0,CPS 6082,36.0,SB 21
2135,91900160,43.0,CPS 6082,36.0,SB 21
2135,91900160,44.0,CPS 6082,36.0,SB 21
2135,91900160,46.0,CPS 6082,36.0,SB 21
2138,91900182,1.0,CSPA Wire 99.5,21.0,DELETED_10.09:2015_SA 99.5
2138,91900182,4.0,CSPA Wire 99.5,21.0,SB 08
2138,91900182,5.0,CSPA Wire 99.5,21.0,Temporal (Vaciar)
2138,91900182,6.0,CSPA Wire 99.5,21.0,SB 16
2138,91900182,7.0,CSPA Wire 99.5,21.0,SB 14 B
2138,91900182,8.0,CSPA Wire 99.5,21.0,SB 11 A
2138,91900182,9.0,CSPA Wire 99.5,21.0,SB 11
2138,91900182,10.0,CSPA Wire 99.5,21.0,SB 14
2138,91900182,11.0,CSPA Wire 99.5,21.0,SB 11
2138,91900182,15.0,CSPA Wire 99.5,21.0,SB 11
2138,91900182,16.0,CSPA Wire 99.5,21.0,SB 19
2138,91900182,17.0,CSPA Wire 99.5,21.0,SB 13
2138,91900182,18.0,CSPA Wire 99.5,21.0,SB 13 A
2139,91900182,1.0,CSPA Wire 99.5,3.0,SB 14
2139,91900182,5.0,CSPA Wire 99.5,3.0,SB 11
2140,91900152,2.0,"PM 99,7",12.0,SA 00
2140,91900152,6.0,"PM 99,7",12.0,SA 00
2140,91900152,9.0,"PM 99,7",12.0,SA 00
2140,91900152,10.0,"PM 99,7",12.0,SA 00
2140,91900152,11.0,"PM 99,7",12.0,SA 00
2140,91900152,12.0,"PM 99,7",12.0,SA 00
2140,91900152,13.0,"PM 99,7",12.0,SA 00
2140,91900152,14.0,"PM 99,7",12.0,SA 00
2140,91900152,15.0,"PM 99,7",12.0,SA 00
2140,91900152,16.0,"PM 99,7",12.0,SA 00
2140,91900152,17.0,"PM 99,7",12.0,SA 00
2140,91900152,18.0,"PM 99,7",12.0,SA 00
2140,91900152,19.0,"PM 99,7",12.0,SA 00
2140,91900152,20.0,"PM 99,7",12.0,SA 00
2140,91900152,21.0,"PM 99,7",12.0,SA 00
2140,91900152,23.0,"PM 99,7",12.0,SA 00
2140,91900152,24.0,"PM 99,7",12.0,SA 00
2140,91900152,25.0,"PM 99,7",12.0,SA 00
2140,91900152,28.0,"PM 99,7",12.0,SA 00
2140,91900152,30.0,"PM 99,7",12.0,SA 00
2140,91900152,31.0,"PM 99,7",12.0,SA 00
2140,91900152,32.0,"PM 99,7",12.0,SA-00-LAVADERO
2140,91900152,33.0,"PM 99,7",12.0,SA-00-LAVADERO
2140,91900152,36.0,"PM 99,7",12.0,SA 61
2140,91900152,37.0,"PM 99,7",12.0,SA 00
2140,91900152,39.0,"PM 99,7",12.0,SA 61
2140,91900152,40.0,"PM 99,7",12.0,PM Tren
2140,91900152,44.0,"PM 99,7",12.0,PM Lavadero
2140,91900152,46.0,"PM 99,7",12.0,PM Lavadero
2140,91900152,49.0,"PM 99,7",12.0,PM Tren
2140,91900152,50.0,"PM 99,7",12.0,PM Lavadero
2140,91900152,51.0,"PM 99,7",12.0,PM Lavadero
2141,91900143,2.0,CPS Prof 6060,35.0,SA 51
2142,91900302,2.0,CPS Prof 6060 Lacado,35.0,SB 18
2142,91900302,5.0,CPS Prof 6060 Lacado,35.0,SB 16
2142,91900302,6.0,CPS Prof 6060 Lacado,35.0,SB 18
2142,91900302,7.0,CPS Prof 6060 Lacado,35.0,SA 54
2142,91900302,8.0,CPS Prof 6060 Lacado,35.0,SA 54
2142,91900302,9.0,CPS Prof 6060 Lacado,35.0,SA 62
2142,91900302,10.0,CPS Prof 6060 Lacado,35.0,SA 53
2142,91900302,13.0,CPS Prof 6060 Lacado,35.0,SA 53
2142,91900302,14.0,CPS Prof 6060 Lacado,35.0,SA 53
2142,91900302,16.0,CPS Prof 6060 Lacado,35.0,SA 53
2142,91900302,17.0,CPS Prof 6060 Lacado,35.0,SA 60
2142,91900302,18.0,CPS Prof 6060 Lacado,35.0,SA 60
2142,91900302,20.0,CPS Prof 6060 Lacado,35.0,SA 60
2142,91900302,21.0,CPS Prof 6060 Lacado,35.0,SA 60
2142,91900302,22.0,CPS Prof 6060 Lacado,35.0,SA 60
2142,91900302,23.0,CPS Prof 6060 Lacado,35.0,SA 60
2142,91900302,24.0,CPS Prof 6060 Lacado,35.0,SA 60
2142,91900302,25.0,CPS Prof 6060 Lacado,35.0,SA 60
2142,91900302,26.0,CPS Prof 6060 Lacado,35.0,SA 60
2142,91900302,27.0,CPS Prof 6060 Lacado,35.0,SA 60
2142,91900302,28.0,CPS Prof 6060 Lacado,35.0,SA 56
2142,91900302,29.0,CPS Prof 6060 Lacado,35.0,SA 58
2142,91900302,31.0,CPS 6060 (lacado),35.0,SA 59
2142,91900302,32.0,CPS 6060 (lacado),35.0,SA 59
2142,91900302,34.0,CPS 6060 (lacado),35.0,SA 59
2142,91900302,36.0,CPS 6060 (lacado),35.0,SA 59
2142,91900302,41.0,CPS 6060 (lacado),35.0,SA 02
2142,91900302,42.0,CPS 6060 (lacado),35.0,SA 02
2142,91900302,43.0,CPS 6060 (lacado),35.0,SA 02
2142,91900302,44.0,CPS 6060 (lacado),35.0,SA 02
2142,91900302,45.0,CPS 6060 (lacado),35.0,SA 02
2143,91900330,2.0,CPS Prof 6060 Anodized,35.0,SB 19
2143,91900330,5.0,CPS Prof 6060 Anodized,35.0,Temporal (Vaciar)
2143,91900330,6.0,CPS Prof 6060 Anodized,35.0,SB 16
2143,91900330,7.0,CPS Prof 6060 Anodized,35.0,SA 57
2143,91900330,8.0,CPS Prof 6060 Anodized,35.0,SA 57
2143,91900330,12.0,CPS Prof 6060 Anodized,35.0,SB 21
2143,91900330,13.0,CPS Prof 6060 Anodized,35.0,SB 10 Muro
2143,91900330,15.0,CPS Prof 6060 Anodized,35.0,SB 10 Muro
2143,91900330,16.0,CPS Prof 6060 Anodized,35.0,SB 10 Muro
2143,91900330,19.0,CPS Prof 6060 Anodized,35.0,SB 10 Muro
2143,91900330,21.0,CPS Prof 6060 Anodized,35.0,SB 10 Muro
2143,91900330,23.0,CPS Prof 6060 Anodized,35.0,Muro A
2143,91900330,25.0,CPS Prof 6060 Anodized,35.0,Muro A
2143,91900330,30.0,CPS 6060 (anodizado),35.0,SB 15 B
2143,91900330,32.0,CPS 6060 (anodizado),35.0,SB 15 B
2143,91900330,34.0,CPS 6060 (anodizado),35.0,SB 15 B
2143,91900330,35.0,CPS 6060 (anodizado),35.0,SB 15 B
2143,91900330,36.0,CPS 6060 (anodizado),35.0,SA 08
2143,91900330,37.0,CPS 6060 (anodizado),35.0,SA 08
2143,91900330,38.0,CPS 6060 (anodizado),35.0,SA 08
2143,91900330,39.0,CPS 6060 (anodizado),35.0,SA 08
2144,91900871,2.0,CPS Prof 6060 Thermal Break,35.0,Temporal (Vaciar)
2144,91900871,5.0,CPS Prof 6060 Thermal Break,35.0,SA 51
2144,91900871,6.0,CPS Prof 6060 Thermal Break,35.0,SA 51
2144,91900871,7.0,CPS Prof 6060 Thermal Break,35.0,SA 51
2144,91900871,8.0,CPS Prof 6060 Thermal Break,35.0,SA Thermal Break
2144,91900871,9.0,CPS Prof 6060 Thermal Break,35.0,SA Thermal Break
2144,91900871,10.0,CPS Prof 6060 Thermal Break,35.0,SA Thermal Break
2144,91900871,11.0,CPS Prof 6060 Thermal Break,35.0,SA Thermal Break
2144,91900871,13.0,CPS Prof 6060 Thermal Break,35.0,SA Thermal Break
2144,91900871,14.0,CPS Prof 6060 Thermal Break,35.0,SA Thermal Break
2144,91900871,15.0,CPS Prof 6060 Thermal Break,35.0,SA Thermal Break
2144,91900871,16.0,CPS Prof 6060 Thermal Break,35.0,SA Thermal Break
2144,91900871,17.0,CPS Prof 6060 Thermal Break,35.0,SA 62
2144,91900871,18.0,CPS Prof 6060 Thermal Break,35.0,VIRT-TR2-Proc-PT
2144,91900871,19.0,CPS Prof 6060 Thermal Break,35.0,SA Thermal Break
2144,91900871,20.0,CPS Prof 6060 Thermal Break,35.0,SA Thermal Break
2144,91900871,22.0,CPS Prof 6060 Thermal Break,35.0,SA Puente térmico
2144,91900871,23.0,CPS Prof 6060 Thermal Break,35.0,SA PT
2144,91900871,26.0,CPS Prof 6060 Thermal Break,35.0,SA PT
2144,91900871,27.0,CPS Prof 6060 Thermal Break,35.0,SA PT
2144,91900871,28.0,CPS Prof 6060 Thermal Break,35.0,SA PT
2144,91900871,30.0,CPS Prof 6060 Thermal Break,35.0,SA PT
2144,91900871,31.0,CPS Prof 6060 Thermal Break,35.0,SA PT
2144,91900871,32.0,CPS Prof 6060 Thermal Break,35.0,SA 62
2144,91900871,33.0,CPS Prof 6060 Thermal Break,35.0,PT Largo
2144,91900871,35.0,CPS 6060 (puente térmico),35.0,PT Largo
2144,91900871,36.0,CPS 6060 (puente térmico),35.0,PT Largo
2144,91900871,38.0,CPS 6060 (puente térmico),35.0,PT Largo
2144,91900871,40.0,CPS 6060 (puente térmico),35.0,PT Largo
2144,91900871,44.0,CPS 6060 (puente térmico),35.0,PT Largo
2144,91900871,45.0,CPS 6060 (puente térmico),35.0,SA 09 B
2144,91900871,46.0,CPS 6060 (puente térmico),35.0,SA 09 B
2144,91900871,47.0,CPS 6060 (puente térmico),35.0,SA 09 B
2144,91900871,48.0,CPS 6060 (puente térmico),35.0,SA 09 B
2145,91900146,2.0,CPS Prof 6005,35.0,SA 61
2145,91900146,5.0,CPS Prof 6005,35.0,SA 61
2145,91900146,6.0,CPS Prof 6005,35.0,SA 61
2145,91900146,7.0,CPS Prof 6005,35.0,SA 61
2145,91900146,10.0,CPS Prof 6005,35.0,SB 20
2145,91900146,13.0,CPS Prof 6005,35.0,SA 54
2145,91900146,14.0,CPS Prof 6005,35.0,SA 54
2145,91900146,16.0,CPS Prof 6005,35.0,SA 54
2145,91900146,17.0,CPS Prof 6005,35.0,SA 54
2145,91900146,18.0,CPS Prof 6005,35.0,SA 54
2145,91900146,21.0,CPS Prof 6005,35.0,SA 54
2145,91900146,23.0,CPS Prof 6005,35.0,SA 54
2145,91900146,24.0,CPS Prof 6005,35.0,SA 55
2145,91900146,25.0,CPS Prof 6005,35.0,SA 55
2145,91900146,27.0,CPS Prof 6005,35.0,SA 55
2145,91900146,28.0,CPS Prof 6005,35.0,SA 55
2145,91900146,29.0,CPS Prof 6005,35.0,SA 61
2145,91900146,31.0,CPS 6005,35.0,SA 61
2145,91900146,32.0,CPS 6005,35.0,SA 58
2145,91900146,33.0,CPS 6005,35.0,SA 58
2145,91900146,35.0,CPS 6005,35.0,SA 58
2145,91900146,37.0,CPS 6005,35.0,SA 58
2145,91900146,38.0,CPS 6005,35.0,SA 01
2145,91900146,39.0,CPS 6005,35.0,SA 01
2145,91900146,40.0,CPS 6005,35.0,SA 01
2145,91900146,41.0,CPS 6005,35.0,SA 01
2146,91900160,2.0,CPS Prof 6082,35.0,SA 62
2146,91900160,5.0,CPS Prof 6082,35.0,SA 62
2146,91900160,6.0,CPS Prof 6082,35.0,SA 62
2147,91900270,1.0,Clean Litho,3.0,SB 16
2147,91900270,4.0,Clean Litho,3.0,SB 11
2147,91900270,5.0,Clean Litho,3.0,SB 13
2147,91900270,6.0,Clean Litho,3.0,SB 16 B
2147,91900270,18.0,Clean Litho,3.0,SB 11
2147,91900270,22.0,Clean Litho,3.0,SB 11 B
2147,91900270,37.0,Litografía,47.0,SB 20
2147,91900270,38.0,Litografía,47.0,SB 14 A
2147,91900270,39.0,Litografía,47.0,SB 14 A
2147,91900270,41.0,Litografía,47.0,SB 13
2147,91900270,43.0,Litografía,47.0,SB 13
2148,91900170,3.0,CS 6063 Anod - Fercometal,36.0,SB 11
2149,91900170,3.0,CS 6063 Anod - Merchan,36.0,DELETED_07.02:2020_SB 10
2149,91900170,6.0,CS 6063 Anod - Merchan,36.0,SB 15
2149,91900170,7.0,CS 6063 Anod - Merchan,36.0,SB 07
2150,91900170,4.0,CS 6063 Anod - Recycob,36.0,SB 02
2150,91900170,7.0,CS 6063 Anod - Recycob,36.0,SB 15
2150,91900170,8.0,CS 6063 Anod - Recycob,36.0,SB 10 B
2151,91901201,3.0,CS 6063 Anod - Sau,36.0,SB 12
2151,91901201,6.0,CS 6063 Anod - Sau,36.0,SB 11
2151,91901201,7.0,CS 6063 Anod - Sau,36.0,DELETED_07.02:2020_SB 10
2151,91901201,8.0,CS 6063 Anod - Sau,36.0,SB 20
2151,91901201,9.0,CS 6063 Anod - Sau,36.0,SB 19
2151,91901201,10.0,CS 6063 Anod - Sau,36.0,SB 17 A
2152,91900170,1.0,CS 6063 Anod - Vela,36.0,SB 15
2152,91900170,3.0,CS 6063 Anod - Vela,36.0,SB 20
2153,91900170,3.0,CS 6063 Anodized,36.0,SB 20
2153,91900170,6.0,CS 6063 Anodized,36.0,SB 13
2153,91900170,7.0,CS 6063 Anodized,36.0,SB 07
2153,91900170,8.0,CS 6063 Anodized,36.0,SB 12
2153,91900170,9.0,CS 6063 Anodized,36.0,SB 12
2153,91900170,10.0,CS 6063 Anodized,36.0,SB 16 B
2153,91900170,11.0,CS 6063 Anodized,36.0,SB 16 A
2153,91900170,13.0,CS 6063 Anodized,36.0,SB CS 1050
2153,91900170,14.0,CS 6063 Anodized,36.0,SB 11
2153,91900170,15.0,CS 6063 Anodized,36.0,SB 11
2153,91900170,16.0,CS 6063 Anodized,36.0,SB 09
2153,91900170,22.0,CS 6063 Anodized,36.0,SB 09
2153,91900170,23.0,CS 6063 Anodized,36.0,SB 09
2153,91900170,24.0,CS 6063 Anodized,36.0,SB 09
2153,91900170,25.0,CS 6063 Anodized,36.0,SC 06 A
2153,91900170,36.0,CS 6063 Anodized,47.0,SB 11 B
2155,91900296,3.0,CS 6063 Laca - Merchan,36.0,SB 16
2155,91900296,6.0,CS 6063 Laca - Merchan,36.0,SB 20
2155,91900296,7.0,CS 6063 Laca - Merchan,36.0,SB 12 B
2156,91900296,3.0,CS 6063 Laca - Recycob,36.0,SB 12
2156,91900296,7.0,CS 6063 Laca - Recycob,36.0,SB 14 B
2157,91900296,1.0,CS 6063 Laca - Sau,36.0,SB 14
2157,91900296,3.0,CS 6063 Laca - Sau,36.0,SB 14
2157,91900296,7.0,CS 6063 Laca - Sau,36.0,SB 07
2158,91900296,7.0,CS 6063 Laca - Vela,36.0,SB 14 B
2159,91900296,3.0,CS 6063 lacado,36.0,SB 19
2159,91900296,6.0,CS 6063 lacado,36.0,SB 18
2159,91900296,8.0,CS 6063 lacado,36.0,SB 12 B
2159,91900296,9.0,CS 6063 lacado,36.0,SB 11
2159,91900296,10.0,CS 6063 lacado,36.0,SB 17 A
2159,91900296,11.0,CS 6063 lacado,36.0,SB 16 B
2159,91900296,13.0,CS 6063 lacado,36.0,SB 18
2159,91900296,14.0,CS 6063 lacado,36.0,SB 16 A
2160,91900143,1.0,CPS Prof 6060 long,35.0,SA 51
2160,91900143,4.0,CPS Prof 6060 long,35.0,SA 53
2160,91900143,5.0,CPS Prof 6060 long,35.0,SA 53
2160,91900143,6.0,CPS Prof 6060 long,35.0,SA 53
2160,91900143,7.0,CPS Prof 6060 long,35.0,SA 54
2160,91900143,8.0,CPS Prof 6060 long,35.0,SA 62
2160,91900143,9.0,CPS Prof 6060 long,35.0,Temporal (Vaciar)
2160,91900143,11.0,CPS Prof 6060 long,35.0,SA 61
2160,91900143,12.0,CPS Prof 6060 long,35.0,SA 54
2160,91900143,14.0,CPS Prof 6060 long,35.0,SA 54
2160,91900143,15.0,CPS Prof 6060 long,35.0,Temporal (Vaciar)
2160,91900143,16.0,CPS Prof 6060 long,35.0,SA 57
2160,91900143,17.0,CPS Prof 6060 long,35.0,SA58
2160,91900143,18.0,CPS Prof 6060 long,35.0,SA 58
2160,91900143,19.0,CPS Prof 6060 long,35.0,SA 57
2161,1307,1.0,Cu 80%,19.0,AA04
2161,1307,5.0,Cu 80%,19.0,AA04
2161,1307,6.0,Cu 80%,19.0,AA04
2161,1307,7.0,Cu 80%,19.0,AA04
2161,1307,8.0,Cu 80%,19.0,AA04
2161,1307,10.0,Cu 80%,19.0,AA04
2161,1307,12.0,Cu 80%,19.0,AA04
2161,1307,13.0,Cu 80%,19.0,AA04
2161,1307,14.0,Cu 80%,19.0,AA04
2161,1307,18.0,Cu 80%,19.0,AA04
2161,1307,20.0,Cu 80%,19.0,AA04
2161,1307,21.0,Cu 80%,19.0,AA04
2161,1307,22.0,Cu 80%,19.0,AA04
2161,1307,26.0,Cu 80%,19.0,AA04
2182,91901201,1.0,CS 6063 Anodized delaquered,36.0,SB 12
2182,91901201,4.0,CS 6063 Anodized delaquered,36.0,DELETED_07.02:2020_SB 10
2182,91901201,5.0,CS 6063 Anodized delaquered,36.0,SB 11
2182,91901201,6.0,CS 6063 Anodized delaquered,36.0,SB 16 B
2182,91901201,7.0,CS 6063 Anodized delaquered,36.0,DELETED_07.02:2020_SB 10
2201,91900170,1.0,CS 6106 Anodized,36.0,SB 16
2201,91900170,4.0,CS 6106 Anodized,36.0,SB 19
2201,91900170,5.0,CS 6106 Anodized,36.0,SB 16 B
2201,91900170,8.0,CS 6106 Anodized,36.0,SB 14
2222,91900177,1.0,CS 6082,36.0,SB 20
2222,91900177,4.0,CS 6082,36.0,SB 20
2222,91900177,5.0,CS 6082,36.0,SB 20
2223,91901113,1.0,CPS 6082 Anodized,36.0,SB 21
2223,91901113,4.0,CPS 6082 Anodized,36.0,SB 21
2223,91901113,5.0,CPS 6082 Anodized,36.0,SA 62
2261,91900173,1.0,CS 6005,36.0,SB 19
2261,91900173,2.0,CS 6005,36.0,SB 19
2282,91901250,3.0,CPS Prof 6005 Anodized,36.0,SB 09
2282,91901250,4.0,CPS Prof 6005 Anodized,36.0,SB 18 A
2282,91901250,8.0,CPS Prof 6005 Anodized,36.0,SB 18 B
2282,91901250,10.0,CPS Prof 6005 Anodized,36.0,SB 18 B
2283,91901113,3.0,CPS Prof 6082 Anodized,36.0,SB 21
2283,91901113,4.0,CPS Prof 6082 Anodized,36.0,SB 17
2283,91901113,6.0,CPS Prof 6082 Anodized,36.0,SB 20 A
2283,91901113,9.0,CPS Prof 6082 Anodized,36.0,SB 16 B
2283,91901113,11.0,CPS Prof 6082 Anodized,36.0,SB 18 B
2284,91900303,1.0,CPS Prof 6005  Lacado,36.0,SB 18
2284,91900303,3.0,CPS Prof 6005  Lacado,36.0,SB 09
2284,91900303,4.0,CPS Prof 6005  Lacado,36.0,SB 18 A
2284,91900303,7.0,CPS Prof 6005  Lacado,36.0,SB 15 A
2284,91900303,8.0,CPS Prof 6005  Lacado,36.0,SB 18 A
2284,91900303,10.0,CPS Prof 6005  Lacado,36.0,SB 18 B
2284,91900303,13.0,CPS Prof 6005  Lacado,36.0,SA Thermal Break
2284,91900303,15.0,CPS Prof 6005  Lacado,36.0,SB 19 B
2285,91900304,1.0,CPS Prof 6082 Lacado,36.0,SB 18
2285,91900304,3.0,CPS Prof 6082 Lacado,36.0,SA 62
2285,91900304,9.0,CPS Prof 6082 Lacado,36.0,SB 18 B
2302,91901201,4.0,CS 6063 Anodized delaq 11B,36.0,SB 11 B
2304,91901201,2.0,CS 6063 Anodized delaq 11A,36.0,SB 11 A
2322,91901201,1.0,CS 6063 Anodized delaq 12A,36.0,SB 12
2323,91901201,1.0,CS 6063 Anodized delaq 12B,36.0,SB 12
2341,91901201,2.0,CS 6063 Anodized delaq 14A,36.0,SB 14 A
2343,91901201,1.0,CS 6063 Anodized delaq 15A,36.0,SB 15 A
2344,91901201,1.0,CS 6063 Anodized delaq 15B,36.0,SB 15 B
2345,91901201,1.0,CS 6063 Anodized delaq 16A,36.0,SB 16 A
2347,91901201,1.0,CS 6063 Anodized delaq 17A,36.0,SB 17 A
2348,91901201,1.0,CS 6063 Anodized delaq 17B,36.0,SB 17 B
2362,91900143,1.0,606035 IS,36.0,SB 02
2363,91901201,1.0,CS 6063 Anodized delaq 18B,36.0,SB 18 B
2364,91901201,1.0,CS 6063 Anodized delaq 10A,36.0,DELETED_07.02:2020_SB 10
2365,91901201,1.0,CS 6063 Anodized delaq 10B,36.0,DELETED_07.02:2020_SB 10
2401,91901341,1.0,CS 6063 temp andod delaquered,36.0,SB 19
2401,91901341,2.0,CS 6063 temp andod delaquered,36.0,SB 19
2401,91901341,3.0,CS 6063 temp andod delaquered,36.0,SB 19
2401,91901341,8.0,CS 6063 temp andod delaquered,36.0,DELETED_07.02:2020_SB 10
2401,91901341,10.0,CS 6063 temp andod delaquered,36.0,SB 13
2401,91901341,11.0,CS 6063 temp andod delaquered,36.0,DELETED_07.02:2020_SB 10
2401,91901341,12.0,CS 6063 temp andod delaquered,36.0,DELETED_07.02:2020_SB 10
2401,91901341,19.0,CS 6063 temp andod delaquered,36.0,DELETED_07.02:2020_SB 10
2401,91901341,20.0,CS 6063 temp andod delaquered,36.0,DELETED_07.02:2020_SB 10
2401,91901341,21.0,CS 6063 temp andod delaquered,36.0,DELETED_07.02:2020_SB 10
2401,91901341,22.0,CS 6063 temp andod delaquered,36.0,DELETED_07.02:2020_SB 10
2401,91901341,23.0,CS 6063 temp andod delaquered,47.0,DELETED_07.02:2020_SB 10
2401,91901341,24.0,CS 6063 temp andod delaquered,47.0,SB 14
2401,91901341,25.0,CS 6063 temp andod delaquered,47.0,DELETED_07.02:2020_SB 10
2401,91901341,27.0,CS 6063 temp andod delaquered,47.0,DELETED_07.02:2020_SB 10
2401,91901341,28.0,CS 6063 temp andod delaquered,47.0,SC 01
2402,1025,1.0,TI-Bors rod,31.0,AA07
2402,1025,3.0,TI-Bors rod,31.0,AA07
2402,1025,7.0,TI-Bors rod,31.0,AA07
2402,1025,8.0,TI-Bors rod,31.0,AA07
2402,1025,9.0,TI-Bors rod,31.0,AA07
2421,91901250,2.0,CS 6005 anodized,39.0,SB 17 A
2441,91900173,1.0,CS 6005,39.0,SB 13 B
2441,91900173,2.0,CS 6005,39.0,SB 19 B
2441,91900173,3.0,CS 6005,39.0,SB 14 A
2441,91900173,5.0,CS 6005,39.0,SB 15
2441,91900173,8.0,CS 6005,39.0,SB 15
2441,91900173,9.0,CS 6005,39.0,SB 20
2441,91900173,11.0,CS 6005,39.0,SB 20
2441,91900173,13.0,CS 6005,39.0,SB 20
2441,91900173,15.0,CS 6005,6.0,SB 20
2441,91900173,16.0,CS 6005,6.0,SB 20 B
2481,91901070,1.0,CS 6063 Laquered,47.0,SB 20
2481,91901070,2.0,CS 6063 Laquered,47.0,SB 20
2481,91901070,6.0,CS 6063 Laquered,47.0,SB 21
2482,91901342,1.0,CS 6063- Anodized,47.0,SB 16
2482,91901342,3.0,CS 6063- Anodized,47.0,SB 16
2482,91901342,7.0,CS 6063- Anodized,47.0,SB 16
2482,91901342,11.0,CS 6063- Anodized,47.0,SB 16
2482,91901342,12.0,CS 6063- Anodized,47.0,SB 17
2482,91901342,13.0,CS 6063- Anodized,47.0,SB 17
2482,91901342,14.0,CS 6063- Anodized,47.0,SB 17
2482,91901342,15.0,CS 6063- Anodized,47.0,SB 17
2482,91901342,21.0,CS 6063- Anodized,47.0,SB 17
2482,91901342,22.0,CS 6063- Anodized,47.0,SB 17
2482,91901342,24.0,CS 6063- Anodized,47.0,SB 17
2482,91901342,25.0,CS 6063- Anodized,47.0,SB 17
2482,91901342,26.0,CS 6063- Anodized,47.0,SB 16
2482,91901342,28.0,CS 6063- Anodized,47.0,SB 16
2482,91901342,30.0,CS 6063- Anodized,47.0,SC 02
2482,91901342,33.0,CS 6063- Anodized,47.0,SB 14 A
2521,1026,1.0,Ti - Bors,7.0,AA00
2521,1026,3.0,Ti - Bors,7.0,AA00
2521,1026,4.0,Ti - Bors,7.0,AA00
2521,1026,7.0,Ti - Bors,7.0,AA00
2521,1026,8.0,Ti - Bors,7.0,AA00
2521,1026,9.0,Ti - Bors,7.0,AA00
2521,1026,11.0,Ti - Bors,7.0,AA00
2561,2488,3.0,Fe 80% kg,19.0,AA08
2561,2488,4.0,Fe 80% kg,19.0,AA08
2561,2488,6.0,Fe 80% kg,19.0,AA08
2561,2488,8.0,Fe 80% kg,19.0,AA08
2561,2488,9.0,Fe 80% kg,19.0,AA08
2561,2488,12.0,Fe 80% kg,19.0,AA08
2601,91901320,5.0,CS 6063 Lacdo Shredded,47.0,SB 19
2601,91901320,12.0,CS 6063 Lacdo Shredded,47.0,SB 16
2601,91901320,13.0,CS 6063 Lacdo Shredded,47.0,SB 19
2601,91901320,14.0,CS 6063 Lacdo Shredded,47.0,SB 13
2601,91901320,16.0,CS 6063 Lacdo Shredded,47.0,SB 16
2601,91901320,17.0,CS 6063 Lacdo Shredded,47.0,SB 16 B
2601,91901320,18.0,CS 6063 Lacdo Shredded,47.0,Temp1320
2741,91900274,1.0,1050 Sheets,3.0,SB 13 B
2741,91900274,7.0,1050 Sheets,6.0,SB 16 A
2741,91900274,8.0,1050 Sheets,6.0,SB CS 1050
2741,91900274,9.0,1050 Sheets,6.0,SB CS 1050
2741,91900274,10.0,1050 Sheets,6.0,SB CS 1050
2741,91900274,11.0,1050 Sheets,6.0,SB CS 1050
2741,91900274,12.0,1050 Sheets,6.0,SB CS 1050
2741,91900274,21.0,1050 Sheets,6.0,SB 11
2741,91900274,33.0,CS 1050,6.0,1050 Lavadero
2741,91900274,35.0,CS 1050,6.0,1050 Lavadero
2741,91900274,36.0,CS 1050,6.0,SB 16
2741,91900274,37.0,CS 1050,6.0,Lavadero - 1050
2741,91900274,39.0,CS 1050,6.0,Lavadero - 1050
2741,91900274,40.0,CS 1050,6.0,SB 16
2742,91900471,3.0,5000 Sheets,6.0,SB 11
2742,91900471,5.0,5000 Sheets,6.0,SB 11
2742,91900471,6.0,5000 Sheets,6.0,SB 11
2742,91900471,7.0,5000 Sheets,6.0,SB 11
2742,91900471,8.0,5000 Sheets,6.0,SB 11
2742,91900471,11.0,5000 Sheets,6.0,SB CS 5000
2761,91900277,3.0,CS 6016 Sheets,6.0,SB 20
2761,91900277,4.0,CS 6016 Sheets,6.0,SB 13
2761,91900277,5.0,CS 6016 Sheets,6.0,SB 20
2761,91900277,16.0,CS 6016 Sheets,6.0,SB 17
2761,91900277,19.0,CS 6016 Sheets,6.0,SB 17
2761,91900277,20.0,CS 6016 Sheets,6.0,SB 18
2761,91900277,21.0,CS 6016 Sheets,6.0,SB 18
2761,91900277,22.0,CS 6016 Sheets,6.0,SB 18
2761,91900277,23.0,CS 6016 Sheets,6.0,SB 18
2761,91900277,26.0,CS 6016 Sheets,6.0,SB 18
2761,91900277,29.0,CPS 6016,6.0,SB 18
2761,91900277,34.0,CPS 6016,6.0,SB 18
2761,91900277,36.0,CPS 6016,6.0,SB 18
2821,91900173,1.0,CS 6005,6.0,SB 20 B
2821,91900173,3.0,CS 6005,6.0,SB 13
2821,91900173,4.0,CS 6005,6.0,SB 20
2821,91900173,6.0,CS 6005,6.0,SB CS 6005
2841,91900189,2.0,CSPA 99.7,12.0,SB 13
2841,91900189,4.0,CSPA 99.7,12.0,SB 19
2861,91901324,4.0,CSS 6082,47.0,SB 17 A
2981,91901440,4.0,CSPA Wire 99.5 PC 100%,47.0,SB 13
2981,91901440,5.0,CSPA Wire 99.5 PC 100%,47.0,SB 20
2981,91901440,6.0,CSPA Wire 99.5 PC 100%,47.0,SB 13
2981,91901440,7.0,CSPA Wire 99.5 PC 100%,47.0,SB 17
2981,91901440,8.0,CSPA Wire 99.5 PC 100%,47.0,SB 17
2981,91901440,9.0,CSPA Wire 99.5 PC 100%,47.0,SB 17
2981,91901440,10.0,CSPA Wire 99.5 PC 100%,47.0,SB 17
2981,91901440,11.0,CSPA Wire 99.5 PC 100%,47.0,SB 13
2981,91901440,12.0,CSPA Wire 99.5 PC 100%,47.0,SB 13
2981,91901440,13.0,CSPA Wire 99.5 PC 100%,47.0,SB 13
2981,91901440,14.0,CSPA Wire 99.5 PC 100%,47.0,SB 17 B
2981,91901440,19.0,CSPA Wire 99.5 PC 100%,47.0,SB 17
2981,91901440,21.0,Cable - 100%,47.0,SB 13
2981,91901440,22.0,Cable - 100%,47.0,SB 13
2981,91901440,25.0,Cable - 100%,47.0,SB 13
2981,91901440,26.0,Cable - 100%,15.0,SB 13
2981,91901440,27.0,Cable - 100%,15.0,SB 13
2981,91901440,28.0,Cable - 100%,15.0,SB 13 B
3005,91901460,4.0,shredded profile scrap PC 95%,47.0,SC 05
3005,91901460,5.0,shredded profile scrap PC 95%,47.0,SC 05
3005,91901460,6.0,shredded profile scrap PC 95%,47.0,SC 05
3005,91901460,7.0,shredded profile scrap PC 95%,47.0,SC 02
3005,91901460,8.0,shredded profile scrap PC 95%,47.0,SC 06
3005,91901460,9.0,shredded profile scrap PC 95%,47.0,SC 02
3005,91901460,10.0,shredded profile scrap PC 95%,47.0,SC 05
3005,91901460,11.0,shredded profile scrap PC 95%,47.0,SC 05
3005,91901460,12.0,shredded profile scrap PC 95%,47.0,Temp1460
3005,91901460,13.0,shredded profile scrap PC 95%,47.0,SB 10 B
3022,91901342,1.0,Shredded material 6063,47.0,SB 16
3101,91900177,2.0,CS 6082,6.0,SB CS 6082
3121,91901460,5.0,Shredded 95% PC - Inagen,47.0,SB 17
3121,91901460,6.0,Shredded 95% PC - Inagen,47.0,SB 17
3121,91901460,7.0,Shredded 95% PC - Inagen,47.0,SB 16
3121,91901460,10.0,Shredded 95% PC - Inagen,47.0,SB 16
3121,91901460,12.0,Shredded 95% PC - Inagen,47.0,SB 16
3121,91901460,19.0,Shredded 95% PC - Inagen,47.0,SB 13
3121,91901460,20.0,Shredded 95% PC - Inagen,47.0,SB 08
3121,91901460,21.0,Shredded 95% PC - Inagen,47.0,SB 08
3121,91901460,30.0,Shredded 95% PC - Inagen,47.0,SB 20
3121,91901460,31.0,Shredded 95% PC - Inagen,47.0,SB 20
3121,91901460,34.0,Shredded 95% PC - Inagen,47.0,DELETED_16.11:2023_SC 04 B
3121,91901460,36.0,Shredded 95% PC - Inagen,47.0,SB 18
3122,91901460,6.0,Shredded 95% PC - Alumisel,47.0,SC 03
3122,91901460,7.0,Shredded 95% PC - Alumisel,47.0,SC 03
3122,91901460,8.0,Shredded 95% PC - Alumisel,47.0,SC 03
3122,91901460,10.0,Shredded 95% PC - Alumisel,47.0,SC 03
3122,91901460,11.0,Shredded 95% PC - Alumisel,47.0,SC 03
3122,91901460,12.0,Shredded 95% PC - Alumisel,47.0,SC 03
3122,91901460,15.0,Shredded 95% PC - Alumisel,47.0,SC 03
3122,91901460,16.0,Shredded 95% PC - Alumisel,47.0,SC 03
3122,91901460,18.0,Shredded 95% PC - Alumisel,47.0,SC 03
3122,91901460,19.0,Shredded 95% PC - Alumisel,47.0,SC 03
3122,91901460,21.0,Shredded 95% PC - Alumisel,47.0,SC 03
3122,91901460,22.0,Shredded 95% PC - Alumisel,47.0,SC 03
3122,91901460,23.0,Shredded 95% PC - Alumisel,47.0,SC 03
3122,91901460,24.0,Shredded 95% PC - Alumisel,47.0,SC 03
3122,91901460,25.0,Shredded 95% PC - Alumisel,47.0,SB 17
3122,91901460,28.0,Shredded 95% PC - Alumisel,47.0,SC 03
3122,91901460,31.0,Shredded 95% PC - Alumisel,47.0,SC 03
3122,91901460,32.0,Shredded 95% PC - Alumisel,47.0,SC 03
3122,91901460,33.0,Shredded 95% PC - Alumisel,47.0,SC 03
3122,91901460,35.0,Shredded 95% PC - Alumisel,47.0,SC 03
3122,91901460,37.0,Shredded 95% PC - Alumisel,47.0,SC 03
3122,91901460,38.0,Shredded 95% PC - Alumisel,47.0,SC 03
3122,91901460,39.0,Shredded 95% PC - Alumisel,47.0,SC 03
3123,91901460,3.0,Shredded 95% PC - Hernández,47.0,SB 16
3123,91901460,5.0,Shredded 95% PC - Hernández,47.0,SB 16
3123,91901460,6.0,Shredded 95% PC - Hernández,47.0,SB 16
3123,91901460,7.0,Shredded 95% PC - Hernández,47.0,SC 05
3123,91901460,9.0,Shredded 95% PC - Hernández,47.0,SC 05
3123,91901460,10.0,Shredded 95% PC - Hernández,47.0,SC 05
3123,91901460,11.0,Shredded 95% PC - Hernández,47.0,SC 05
3123,91901460,13.0,Shredded 95% PC - Hernández,47.0,SC 05
3123,91901460,14.0,Shredded 95% PC - Hernández,47.0,SC 05
3123,91901460,16.0,Shredded 95% PC - Hernández,47.0,SC 05
3123,91901460,17.0,Shredded 95% PC - Hernández,47.0,SC 05
3123,91901460,18.0,Shredded 95% PC - Hernández,47.0,SC 05
3123,91901460,19.0,Shredded 95% PC - Hernández,47.0,SC 05
3123,91901460,20.0,Shredded 95% PC - Hernández,47.0,SC 05
3123,91901460,21.0,Shredded 95% PC - Hernández,47.0,SC 05
3123,91901460,22.0,Shredded 95% PC - Hernández,47.0,SC 05
3123,91901460,25.0,Shredded 95% PC - Hernández,47.0,SC 05
3123,91901460,28.0,Shredded 95% PC - Hernández,47.0,SC 05
3123,91901460,29.0,Shredded 95% PC - Hernández,47.0,SC 05
3123,91901460,30.0,Shredded 95% PC - Hernández,47.0,SC 05
3123,91901460,32.0,Shredded 95% PC - Hernández,47.0,SC 05
3123,91901460,34.0,Shredded 95% PC - Hernández,47.0,SC 05
3123,91901460,35.0,Shredded 95% PC - Hernández,47.0,SC 05
3123,91901460,36.0,Shredded 95% PC - Hernández,47.0,SC 05
3123,91901460,37.0,Shredded 95% PC - Hernández,47.0,SC 05
3123,91901460,38.0,Shredded 95% PC - Hernández,47.0,SC 05
3124,91901460,5.0,Shredded 95% PC - Hymcor,47.0,SC 02
3124,91901460,7.0,Shredded 95% PC - Hymcor,47.0,SB 09
3124,91901460,9.0,Shredded 95% PC - Hymcor,47.0,SB 09
3124,91901460,10.0,Shredded 95% PC - Hymcor,47.0,SB 09
3124,91901460,11.0,Shredded 95% PC - Hymcor,47.0,SB 09
3124,91901460,12.0,Shredded 95% PC - Hymcor,47.0,SB 09
3124,91901460,13.0,Shredded 95% PC - Hymcor,47.0,SB 09
3124,91901460,14.0,Shredded 95% PC - Hymcor,47.0,SB 09
3124,91901460,16.0,Shredded 95% PC - Hymcor,47.0,SB 09
3124,91901460,17.0,Shredded 95% PC - Hymcor,47.0,SB 09
3124,91901460,19.0,Shredded 95% PC - Hymcor,47.0,SB 09
3124,91901460,20.0,Shredded 95% PC - Hymcor,47.0,SB 09
3124,91901460,21.0,Shredded 95% PC - Hymcor,47.0,SB 09
3124,91901460,22.0,Shredded 95% PC - Hymcor,47.0,SB 09
3124,91901460,25.0,Shredded 95% PC - Hymcor,47.0,SB 09
3124,91901460,28.0,Shredded 95% PC - Hymcor,47.0,SB 09
3124,91901460,29.0,Shredded 95% PC - Hymcor,47.0,SB 09
3124,91901460,30.0,Shredded 95% PC - Hymcor,47.0,SB 09
3124,91901460,32.0,Shredded 95% PC - Hymcor,47.0,SB 09
3124,91901460,33.0,Shredded 95% PC - Hymcor,47.0,SB 09
3124,91901460,34.0,Shredded 95% PC - Hymcor,47.0,SB 09
3124,91901460,35.0,Shredded 95% PC - Hymcor,47.0,SC 06
3124,91901460,36.0,Shredded 95% PC - Hymcor,47.0,SC 06
3125,91901460,5.0,Shredded 95% PC - RVO,47.0,SC 02
3125,91901460,6.0,Shredded 95% PC - RVO,47.0,SC 02
3125,91901460,7.0,Shredded 95% PC - RVO,47.0,SC 02
3125,91901460,9.0,Shredded 95% PC - RVO,47.0,SC 02
3125,91901460,10.0,Shredded 95% PC - RVO,47.0,SC 02
3125,91901460,11.0,Shredded 95% PC - RVO,47.0,SC 02
3125,91901460,13.0,Shredded 95% PC - RVO,47.0,SC 02
3125,91901460,14.0,Shredded 95% PC - RVO,47.0,SC 02
3125,91901460,16.0,Shredded 95% PC - RVO,47.0,SC 02
3125,91901460,17.0,Shredded 95% PC - RVO,47.0,SC 02
3125,91901460,18.0,Shredded 95% PC - RVO,47.0,SC 02
3125,91901460,19.0,Shredded 95% PC - RVO,47.0,SC 02
3125,91901460,20.0,Shredded 95% PC - RVO,47.0,SC 02
3125,91901460,21.0,Shredded 95% PC - RVO,47.0,SC 02
3125,91901460,22.0,Shredded 95% PC - RVO,47.0,SC 02
3125,91901460,23.0,Shredded 95% PC - RVO,47.0,SC 02
3125,91901460,26.0,Shredded 95% PC - RVO,47.0,SC 02
3125,91901460,29.0,Shredded 95% PC - RVO,47.0,SC 02
3125,91901460,30.0,Shredded 95% PC - RVO,47.0,SC 02
3125,91901460,31.0,Shredded 95% PC - RVO,47.0,SC 02
3125,91901460,33.0,Shredded 95% PC - RVO,47.0,SC 02
3125,91901460,34.0,Shredded 95% PC - RVO,47.0,SC 02
3125,91901460,35.0,Shredded 95% PC - RVO,47.0,SC 02
3125,91901460,36.0,Shredded 95% PC - RVO,47.0,SC 02
3125,91901460,37.0,Shredded 95% PC - RVO,47.0,SC 02
3125,91901460,38.0,Shredded 95% PC - RVO,47.0,SC 02
3126,91901460,5.0,Shredded 95% PC - SAU,47.0,SC 04
3126,91901460,6.0,Shredded 95% PC - SAU,47.0,SC 04
3126,91901460,7.0,Shredded 95% PC - SAU,47.0,SB 07
3126,91901460,9.0,Shredded 95% PC - EURO SPAIN,47.0,SC 04
3126,91901460,11.0,Shredded 95% PC - EURO SPAIN,47.0,SC 04
3126,91901460,12.0,Shredded 95% PC - EURO SPAIN,47.0,SC 01
3126,91901460,13.0,Shredded 95% PC - EURO SPAIN,47.0,SC 04
3126,91901460,14.0,Shredded 95% PC - EURO SPAIN,47.0,SC 01
3126,91901460,15.0,Shredded 95% PC - EURO SPAIN,47.0,SC 04
3126,91901460,16.0,Shredded 95% PC - EURO SPAIN,47.0,SC 04
3126,91901460,18.0,Shredded 95% PC - EURO SPAIN,47.0,SC 04
3126,91901460,19.0,Shredded 95% PC - EURO SPAIN,47.0,SC 01
3126,91901460,20.0,Shredded 95% PC - EURO SPAIN,47.0,SC 01
3126,91901460,21.0,Shredded 95% PC - EURO SPAIN,47.0,SC 04
3126,91901460,22.0,Shredded 95% PC - EURO SPAIN,47.0,SC 04
3126,91901460,23.0,Shredded 95% PC - EURO SPAIN,47.0,SC 04
3126,91901460,24.0,Shredded 95% PC - EURO SPAIN,47.0,SB 08
3126,91901460,25.0,Shredded 95% PC - EURO SPAIN,47.0,SC 01
3126,91901460,27.0,Shredded 95% PC - EURO SPAIN,47.0,SB 08
3126,91901460,30.0,Shredded 95% PC - EURO SPAIN,47.0,SC 01
3126,91901460,31.0,Shredded 95% PC - EURO SPAIN,47.0,SC 04
3126,91901460,32.0,Shredded 95% PC - EURO SPAIN,47.0,SC 04
3126,91901460,34.0,Shredded 95% PC - EURO SPAIN,47.0,SC 01
3126,91901460,35.0,Shredded 95% PC - EURO SPAIN,47.0,SC 01
3126,91901460,36.0,Shredded 95% PC - EURO SPAIN,47.0,SC 01
3126,91901460,37.0,Shredded 95% PC - EURO SPAIN,47.0,SC 01
3126,91901460,38.0,Shredded 95% PC - EURO SPAIN,47.0,SC 01
3126,91901460,39.0,Shredded 95% PC - EURO SPAIN,47.0,SC 01
3126,91901460,40.0,Shredded 95% PC - EURO SPAIN,47.0,SC 01
3142,91901535,1.0,CPS 6060 Triturado F.E.,36.0,SB 11 B
3142,91901535,2.0,CPS 6060 Triturado F.E.,36.0,SB 11 B
3142,91901535,4.0,CPS 6060 Triturado F.E.,36.0,SB 11 B
3142,91901535,5.0,CPS 6060 Triturado F.E.,36.0,SB 10 B
3142,91901535,6.0,CPS 6060 Triturado F.E.,36.0,SB 11 A
3142,91901535,8.0,CPS 6060 Triturado F.E.,36.0,SB 11 A
3142,91901535,9.0,CPS 6060 Triturado F.E.,36.0,SB 11 A
3142,91901535,12.0,CPS 6060 Triturado F.E.,47.0,SB 11 A
3142,91901535,13.0,CPS 6060 Triturado F.E.,47.0,SB 12 A
3142,91901535,18.0,CPS 6060 TRITURADO FE,47.0,SB 11 B
3142,91901535,19.0,CPS 6060 TRITURADO FE,47.0,SB 11
3142,91901535,21.0,CPS 6060 TRITURADO FE,47.0,SB 11
3142,91901535,22.0,CPS 6060 TRITURADO FE,47.0,SB 11 A
3142,91901535,23.0,CPS 6060 TRITURADO FE,47.0,SB 11 B
3142,91901535,24.0,CPS 6060 TRITURADO FE,47.0,SA 00
3144,91901530,2.0,CPS 6060 Lac Triturado F.E.,36.0,SB 11 A
3144,91901530,4.0,CPS 6060 Lac Triturado F.E.,36.0,SB 11 A
3161,91901540,1.0,CPS 6005 Triturado F.E.,36.0,SB 18 A
3161,91901540,3.0,CPS 6005 Triturado F.E.,36.0,SB 18 A
3161,91901540,4.0,CPS 6005 Triturado F.E.,36.0,SB 18 A
3161,91901540,7.0,CPS 6005 Triturado F.E.,36.0,SB 18 A
3161,91901540,10.0,CPS 6005 Triturado F.E.,47.0,SB 18 A
3161,91901540,12.0,CPS 6005 Triturado F.E.,47.0,SB 11 B
3162,91901541,1.0,CPS 6082 Triturado F.E.,36.0,SB 20 B
3162,91901541,4.0,CPS 6082 Triturado F.E.,36.0,SB 20 B
3162,91901541,5.0,CPS 6082 Triturado F.E.,36.0,SB 20 B
3162,91901541,6.0,CPS 6082 Triturado F.E.,36.0,SB 11 B
3162,91901541,12.0,CPS 6082 Triturado F.E.,36.0,SB 15 B
3201,91901460,3.0,Shredded 95% PC - Ambigroup,47.0,SC 05
3201,91901460,34.0,Shredded 95% PC - Ambigroup,47.0,SB 16 B
3222,91901460,2.0,shredded profile scrap PC 95%,47.0,SB 14
3222,91901460,5.0,shredded profile scrap PC 95%,47.0,SB 16
3241,91901342,1.0,Shredded material 6063,47.0,SB 16
3241,91901342,4.0,Shredded material 6063,47.0,SB 14
3265,91901460,1.0,Shredded 95% PC - Mirada Levan,47.0,SB 08
3265,91901460,2.0,Shredded 95% PC - Mirada Levan,47.0,SB 08
3265,91901460,3.0,Shredded 95% PC - Mirada Levan,47.0,SB 08
3265,91901460,5.0,Shredded 95% PC - Mirada Levan,47.0,SB 10 B
3265,91901460,6.0,Shredded 95% PC - Mirada Levan,47.0,SB 08
3265,91901460,10.0,Shredded 95% PC - Mirada Levan,47.0,SB 13
3265,91901460,13.0,Shredded 95% PC - Mirada Levan,47.0,SB 16 A
3265,91901460,15.0,Shredded 95% PC - Mirada Levan,47.0,SB 16
3265,91901460,16.0,Shredded 95% PC - Mirada Levan,47.0,SB 16
3265,91901460,17.0,Shredded 95% PC - Mirada Levan,47.0,SB 16
3265,91901460,18.0,Shredded 95% PC - Mirada Levan,47.0,SB 16
3265,91901460,21.0,Shredded 95% PC - Mirada Levan,47.0,SB 16
3265,91901460,24.0,Shredded 95% PC - Mirada Levan,47.0,SB 16
3265,91901460,25.0,Shredded 95% PC - Mirada Levan,47.0,SB 16
3265,91901460,26.0,Shredded 95% PC - Mirada Levan,47.0,SB 16
3265,91901460,28.0,Shredded 95% PC - Mirada Levan,47.0,SB 16
3265,91901460,29.0,Shredded 95% PC - Mirada Levan,47.0,SC 04
3265,91901460,30.0,Shredded 95% PC - Mirada Levan,47.0,SC 04
3282,91901460,2.0,Shredded 95% PC - Bolueta,47.0,SB 06
3282,91901460,4.0,Shredded 95% PC - Bolueta,47.0,SC 06
3282,91901460,5.0,Shredded 95% PC - Bolueta,47.0,SC 06
3282,91901460,6.0,Shredded 95% PC - Bolueta,47.0,SC 06
3282,91901460,7.0,Shredded 95% PC - Bolueta,47.0,SC 06
3282,91901460,8.0,Shredded 95% PC - Bolueta,47.0,SC 06
3282,91901460,9.0,Shredded 95% PC - Bolueta,47.0,SC 06
3282,91901460,11.0,Shredded 95% PC - Bolueta,47.0,SC 06
3282,91901460,12.0,Shredded 95% PC - Bolueta,47.0,SC 06
3282,91901460,14.0,Shredded 95% PC - Bolueta,47.0,SC 06
3282,91901460,15.0,Shredded 95% PC - Bolueta,47.0,SC 06
3282,91901460,16.0,Shredded 95% PC - Bolueta,47.0,SC 06
3282,91901460,17.0,Shredded 95% PC - Bolueta,47.0,SC 06
3282,91901460,18.0,Shredded 95% PC - Bolueta,47.0,SC 06
3282,91901460,21.0,Shredded 95% PC - Bolueta,47.0,SC 06
3282,91901460,24.0,Shredded 95% PC - Bolueta,47.0,SC 06
3282,91901460,25.0,Shredded 95% PC - Bolueta,47.0,SC 06
3282,91901460,26.0,Shredded 95% PC - Bolueta,47.0,SC 06
3282,91901460,28.0,Shredded 95% PC - Bolueta,47.0,SC 06
3282,91901460,29.0,Shredded 95% PC - Bolueta,47.0,SC 06
3282,91901460,30.0,Shredded 95% PC - Bolueta,47.0,SC 06
3282,91901460,31.0,Shredded 95% PC - Bolueta,47.0,SB 09
3282,91901460,32.0,Shredded 95% PC - Bolueta,47.0,SB 09
3362,91900272,1.0,RCSPA Granalla,21.0,SB CS Granalla (Chamizo)
3362,91900272,20.0,RCSPA Granalla,21.0,Granalla
3362,91900272,22.0,RCSPA Granalla,21.0,Granalla
3362,91902090,24.0,Granalla,21.0,Lavadero - Granalla
3362,91902090,25.0,Granalla,21.0,Lavadero - Granalla
3362,91902090,26.0,Granalla,21.0,Lavadero - Granalla
3362,91902090,27.0,Granalla,21.0,Lavadero - Granalla
3381,91901713,9.0,CPS Briquetas 6060,16.0,SB Briquetas
3381,91901713,10.0,CPS Briquetas 6060,16.0,SA 60A
3381,91901713,12.0,CPS Briquetas 6060,16.0,SB 13
3381,91901713,19.0,CPS 6060 Briquetas,16.0,SB 12
3381,91901713,22.0,CPS 6060 Briquetas,16.0,SB 11 A
3381,91901713,25.0,CPS 6060 Briquetas,16.0,Briquetas Lavadero
3381,91901713,26.0,CPS 6060 Briquetas,16.0,Lavadero - Briquetas
3381,91901713,27.0,CPS 6060 Briquetas,16.0,Lavadero - Briquetas
3381,91901713,28.0,CPS 6060 Briquetas,16.0,Lavadero - Briquetas
3421,91900160,5.0,CPS Prof 6082,35.0,SA Tren 6082
3421,91900160,8.0,CPS Prof 6082,35.0,SA Tren 6082
3421,91900160,9.0,CPS Prof 6082,35.0,SA Tren 6082
3421,91900160,11.0,CPS Prof 6082,35.0,SA Tren 6082
3421,91900160,13.0,CPS Prof 6082,35.0,SA Tren 6082
3421,91900160,14.0,CPS Prof 6082,35.0,SA 57
3421,91900160,17.0,CPS 6082,35.0,6082 Tren
3421,91900160,18.0,CPS 6082,35.0,6082 Tren
3421,91900160,20.0,CPS 6082,35.0,6082 Tren
3421,91900160,22.0,CPS 6082,35.0,6082 Tren
3421,91900160,23.0,CPS 6082,35.0,6082 Tren
3421,91900160,24.0,CPS 6082,35.0,SA 10
3421,91900160,25.0,CPS 6082,35.0,SA 10
3421,91900160,26.0,CPS 6082,35.0,SA 10
3441,91900143,5.0,CPS Prof 6060,35.0,SA 57
3441,91900143,8.0,CPS Prof 6060,35.0,SA 57
3441,91900143,9.0,CPS Prof 6060,35.0,SA 58
3441,91900143,10.0,CPS Prof 6060,35.0,SA 58
3441,91900143,14.0,CPS Prof 6060,35.0,SA 59
3441,91900143,15.0,CPS Prof 6060,35.0,SA 56
3441,91900143,17.0,CPS Prof 6060,35.0,SA 59
3441,91900143,18.0,CPS Prof 6060,35.0,SA 58
3441,91900143,19.0,CPS Prof 6060,35.0,SA 58
3441,91900143,22.0,CPS Prof 6060,35.0,SA 59
3461,91901460,27.0,Shredded 95% PC - EURO SPAIN,47.0,SB 99
3481,91901460,6.0,Shredded 95% PC - Suez,47.0,SB 16
3481,91901460,7.0,Shredded 95% PC - Suez,47.0,SB 16
3501,91901324,1.0,CS Melé,47.0,SB 11
3541,91901324,4.0,RCS 6082,6.0,SB 11 A
3581,91901215,19.0,Cacharro 100% PC - Euro Spain,47.0,SB 11 B
3581,91901215,35.0,Cacharro 100% PC - Euro Spain,47.0,SB 14
3601,1026,9.0,Ti - Bors,31.0,AA06
3601,1026,10.0,Ti - Bors,31.0,AA06
3601,1026,14.0,Ti - Bors,31.0,AA06
3601,1026,15.0,Ti - Bors,31.0,AA06
3601,1026,16.0,Ti - Bors,31.0,AA06
3621,1026,9.0,Ti-Bors bobina,15.0,AA07
3621,1026,10.0,Ti-Bors bobina,15.0,AA07
3621,1026,14.0,Ti-Bors bobina,15.0,AA07
3621,1026,15.0,Ti-Bors bobina,15.0,AA00
3642,91901781,2.0,Melé 95% PC - Alumisel,47.0,SB 11 B
3642,91901781,4.0,Melé 95% PC - Alumisel,47.0,SB 12
3642,91901781,7.0,Melé 95% PC - Alumisel,47.0,SB 11 B
3642,91901781,8.0,Melé 95% PC - Alumisel,47.0,SB 11 A
3642,91901781,15.0,Melé 95% PC - Alumisel,47.0,SB 20
3642,91901781,19.0,Melé 95% PC - Alumisel,47.0,SB 11 A
3642,91901781,21.0,Melé 95% PC - Alumisel,47.0,SB 11 A
3642,91901781,23.0,Melé 95% PC - Alumisel,47.0,SB 11 A
3642,91901781,27.0,Melé 95% PC - Alumisel,47.0,SB 15
3642,91901781,30.0,Melé 95% PC - Alumisel,47.0,SB 15
3642,91901781,31.0,Melé 95% PC - Alumisel,47.0,SB 15 A
3701,91901460,5.0,Shredded 95% PC - Acin,47.0,SB 11
3701,91901460,20.0,Shredded 95% PC - Acin,47.0,SB 16
3701,91901460,21.0,Shredded 95% PC - Acin,47.0,SB 16 A
3701,91901460,23.0,Shredded 95% PC - Acin,47.0,SB 18 A
3761,91900152,5.0,"PM 99,7",14.0,SA 61
3761,91900152,6.0,"PM 99,7",14.0,SA 61
3761,91900152,15.0,"PM 99,7",14.0,PM Tren (Tocho)
3761,91900152,16.0,"PM 99,7",14.0,PM Tren (Tocho)
3761,91900152,18.0,"PM 99,7",14.0,PM Tren (Tocho)
3761,91900152,19.0,"PM 99,7",14.0,PM Tren (Tocho)
3761,91900152,20.0,"PM 99,7",14.0,PM Tren (Tocho)
3761,91900152,21.0,"PM 99,7",14.0,PM Tren (Tocho)
3762,91900152,8.0,"PM 99,7",11.0,SA 61
3781,91900143,2.0,CPS Prof 6060,1.0,SB 01
3781,91900143,3.0,CPS Prof 6060,1.0,SB 01
3781,91900143,5.0,CPS Prof 6060,1.0,SB 01
3781,91900143,11.0,CPS Prof 6060,1.0,SB 04
3781,91900143,14.0,CPS Prof 6060,1.0,SB 01
3781,91900143,16.0,CPS Prof 6060,1.0,SB 01
3781,91900143,20.0,CPS 6060,3.0,SB 04
3781,91900143,21.0,CPS 6060,3.0,SB 02
3781,91900143,22.0,CPS 6060,3.0,SB 08
3781,91900143,24.0,CPS 6060,3.0,SB 05
3781,91900143,25.0,CPS 6060,3.0,SB 02
3781,91900143,26.0,CPS 6060,3.0,SB 03
3781,91900143,27.0,CPS 6060,3.0,SB 01
3781,91900143,28.0,CPS 6060,3.0,SB 02
3802,91901752,6.0,Aerosol 100% PC,47.0,SB 11 A
3821,91900182,1.0,CSPA Wire 99.5,15.0,SB 10
3821,91900182,2.0,CSPA Wire 99.5,15.0,SB 08 B
3841,91900143,3.0,CPS Prof 6060,3.0,SB 01
3841,91900143,12.0,CPS 6060 COMPACTADO,3.0,SB 02
3841,91900143,14.0,CPS 6060 COMPACTADO,3.0,SB 02
3841,91900143,15.0,CPS 6060 COMPACTADO,3.0,SB 02
3865,91900143,7.0,CPS 6060 LARGO,35.0,SA 58
3865,91900143,8.0,CPS 6060 LARGO,35.0,SA 63
3865,91900143,9.0,CPS 6060 LARGO,35.0,SA 59
3865,91900143,10.0,CPS 6060 LARGO,35.0,SA 63
3865,91900143,11.0,CPS 6060 LARGO,35.0,SA 63
3865,91900143,13.0,CPS 6060,35.0,SA 64
3865,91900143,14.0,CPS 6060,35.0,SA 62
3865,91900143,16.0,CPS 6060,35.0,SA 63
3865,91900143,18.0,CPS 6060,35.0,SA 62
3865,91900143,20.0,CPS 6060,35.0,SA 05
3865,91900143,21.0,CPS 6060,35.0,SA 04
3865,91900143,22.0,CPS 6060,35.0,SA 06
3865,91900143,23.0,CPS 6060,35.0,SA 04
3865,91900143,24.0,CPS 6060,35.0,SA 05
3883,91900471,2.0,CS 5754,6.0,SB 20
3883,91900471,5.0,CS 5754,6.0,SB 20
3883,91900471,9.0,CS 5754,6.0,SB 20
3883,91900471,14.0,CS 5754,6.0,SB 20
3883,91900471,16.0,CS 5754,6.0,SB 20
3883,91900471,19.0,CS 5754,6.0,SB 20
3883,91900471,22.0,CS 5754,6.0,SB 20
3883,91900471,23.0,CS 5754,6.0,SB 20
3883,91900471,27.0,CS 5754,6.0,SB 20
3883,91900471,28.0,CS 5754,6.0,SB 20
3901,91901440,7.0,CSPA Wire 99.5 PC 100%,47.0,SB 17
3901,91901440,9.0,Cable - 100%,47.0,SB 17
3901,91901440,12.0,Cable - 100%,47.0,SB 17
3901,91901440,13.0,Cable - 100%,47.0,SB 17
3901,91901440,14.0,Cable - 100%,47.0,SB 17
3901,91901440,15.0,Cable - 100%,47.0,SB 17
3901,91901440,16.0,Cable - 100%,47.0,SB 17
3901,91901440,17.0,Cable - 100%,47.0,SB 17
3901,91901440,18.0,Cable - 100%,47.0,SB 17
3901,91901440,19.0,Cable - 100%,47.0,SB 17
3901,91901440,20.0,Cable - 100%,47.0,SB 17
3901,91901440,21.0,Cable - 100%,47.0,SB 17
3921,91901440,11.0,Cable - 100%,3.0,Cable Lavadero
3941,91900146,3.0,CPS 6005 A,36.0,SB 11
3941,91900146,4.0,CPS 6005 A,36.0,SB 11
4021,91901540,1.0,CPS 6005 TRITURADO FE,47.0,SB 11
4021,91901540,5.0,CPS 6005 TRITURADO FE,47.0,SB 11
4021,91901540,8.0,CPS 6005 TRITURADO FE,47.0,SB 11 B
4021,91901540,9.0,CPS 6005 TRITURADO FE,47.0,SA 00
4044,91901541,2.0,CPS 6082 TRITURADO FE,47.0,SB 11
4044,91901541,4.0,CPS 6082 TRITURADO FE,47.0,SB 11 A
4081,91900270,4.0,Litografía,3.0,SB 11 B
4081,91900270,9.0,Litografía,3.0,SB 16
4081,91900270,13.0,Litografía,3.0,SB 13
4081,91900270,15.0,Litografía,3.0,Lavadero - Lito
4101,91901752,1.0,Aerosol,3.0,Aerosol Lavadero
4161,91900303,3.0,CPS 6005 (lacado),36.0,SA 01 A
4161,91900303,10.0,CPS 6005 (lacado),35.0,SB 18 B
4222,91901460,1.0,Shredded 95% PC - Fercometal,47.0,SB 14
4222,91901460,2.0,Shredded 95% PC - Fercometal,47.0,SB 14
4222,91901460,3.0,Shredded 95% PC - Fercometal,47.0,SC 04
4222,91901460,4.0,Shredded 95% PC - Fercometal,47.0,SC 04
4222,91901460,5.0,Shredded 95% PC - Fercometal,47.0,SC 04
4222,91901460,6.0,Shredded 95% PC - Fercometal,47.0,SC 04
4263,91901460,2.0,Shredded 95% PC - Alberich,47.0,SB 16
4263,91901460,3.0,Shredded 95% PC - Alberich,47.0,SB 14
4263,91901460,4.0,Shredded 95% PC - Alberich,47.0,SB 14
4263,91901460,5.0,Shredded 95% PC - Alberich,47.0,SB 12
4263,91901460,6.0,Shredded 95% PC - Alberich,47.0,SB 18
4302,91902061,4.0,CS 1100 alloy,47.0,Lavadero - 1100
4302,91902061,5.0,CS 1100 alloy,47.0,Lavadero - 1100
4302,91902061,7.0,CS 1100 alloy,47.0,SB 15
4343,91901215,1.0,Cacharro,47.0,SB 15
4381,91901320,5.0,Shredded 0% PC,47.0,SB 12
4401,91901370,3.0,Shredded 100% PC,47.0,SB 14 A
4441,91900152,4.0,"PM 99,7",12.0,PM Lavadero
4443,91900152,2.0,"PM 99,7",12.0,PM Tren
4443,91900152,3.0,"PM 99,7",12.0,PM Tren
4443,91900152,4.0,"PM 99,7",12.0,PM Tren
4461,91901250,2.0,CPS 6005 (anodizado),35.0,SB 08 A
4462,91901113,3.0,CPS 6082 (anodizado),35.0,SB 16
4463,91900304,3.0,CPS 6082 (lacado),35.0,SA 00
4481,91901215,2.0,Melé 95% PC - Acín,47.0,SB 15
4481,91901215,9.0,Melé 95% PC - Acín,47.0,SB 18 A
4501,91901370,2.0,Shredded 100% PC,47.0,DELETED_12.05:2025_SB 16 B
